,City,Lat,Lng,Max Temp,Humidity,Cloudiness,Wind Speed,Country,Date
0,Pandan,14.0453,124.1694,28.41,71,53,5.28,PH,1635734991
1,Vysokogornyy,50.1167,139.15,0.8,44,1,1.26,RU,1635735090
2,Carnarvon,-24.8667,113.6333,22.04,56,75,7.72,AU,1635735090
3,Chandler,33.3062,-111.8412,26.02,31,7,2.11,US,1635734916
4,Chui,-33.6971,-53.4616,17.34,98,92,2.93,UY,1635735070
5,Ushuaia,-54.8,-68.3,7.81,71,0,1.54,AR,1635734847
6,Atuona,-9.8,-139.0333,26.01,73,0,8.22,PF,1635734813
7,Hermanus,-34.4187,19.2345,17.11,79,100,5.41,ZA,1635735091
8,Pevek,69.7008,170.3133,-16.36,94,100,2.8,RU,1635734859
9,Albany,42.6001,-73.9662,12.97,81,71,0.45,US,1635734875
10,Tasiilaq,65.6145,-37.6368,-7.03,58,3,3.36,GL,1635735092
11,Yellowknife,62.456,-114.3525,0.79,99,90,4.63,CA,1635734815
12,Flinders,-34.5833,150.8552,23.78,62,100,2.68,AU,1635734871
13,Busselton,-33.65,115.3333,15.58,56,73,9.31,AU,1635735092
14,Rikitea,-23.1203,-134.9692,22.83,77,100,7.73,PF,1635735093
15,Sambava,-14.2667,50.1667,23.34,87,39,2.37,MG,1635735093
16,Kavieng,-2.5744,150.7967,29.84,67,69,6.26,PG,1635735094
17,Roquetas de Mar,36.7642,-2.6148,18.0,75,75,7.98,ES,1635735094
18,Bluff,-46.6,168.3333,12.7,73,99,13.55,NZ,1635734843
19,Tessalit,20.1986,1.0114,26.49,16,3,4.3,ML,1635735094
20,Manaure,11.7751,-72.4445,27.25,76,100,3.56,CO,1635735095
21,Hilo,19.7297,-155.09,25.85,79,40,2.06,US,1635734993
22,Souillac,-20.5167,57.5167,23.53,94,40,2.57,MU,1635734876
23,Norman Wells,65.282,-126.8329,-7.98,93,75,1.03,CA,1635735095
24,Mataura,-46.1927,168.8643,14.08,62,100,4.2,NZ,1635735096
25,Victoria Point,-27.5833,153.3,25.14,50,97,2.24,AU,1635735096
26,Ürümqi,43.801,87.6005,4.53,75,0,1.0,CN,1635735096
27,Pisco,-13.7,-76.2167,17.03,88,0,5.66,PE,1635735097
28,Qaanaaq,77.484,-69.3632,-7.9,80,100,4.05,GL,1635735097
29,Ambovombe,-25.1667,46.0833,22.01,86,95,2.21,MG,1635735097
30,Isangel,-19.55,169.2667,28.06,57,75,5.14,VU,1635735098
31,Sindor,62.8629,51.8905,-4.22,89,99,2.74,RU,1635735098
32,Zhigansk,66.7697,123.3711,-14.95,94,95,6.98,RU,1635735098
33,Artyom,40.4723,50.333,14.08,84,78,5.24,AZ,1635735099
34,Provideniya,64.3833,-173.3,-7.94,62,40,5.0,RU,1635735099
35,Bādāmi,15.915,75.6768,24.93,73,90,4.89,IN,1635735099
36,Benton Harbor,42.1167,-86.4542,9.5,48,15,0.45,US,1635735100
37,Vostok,46.4856,135.8833,6.29,47,6,1.23,RU,1635735100
38,Manokwari,-0.8667,134.0833,27.22,76,100,1.92,ID,1635735100
39,Bredasdorp,-34.5322,20.0403,16.82,77,100,3.6,ZA,1635734854
40,Airai,-8.9266,125.4092,25.64,41,72,1.05,TL,1635735101
41,Calama,-22.4667,-68.9333,11.25,34,0,1.0,CL,1635735053
42,Mount Isa,-20.7333,139.5,33.87,33,40,4.63,AU,1635735101
43,Cape Town,-33.9258,18.4232,16.16,83,75,1.34,ZA,1635734893
44,Dimataling,7.5344,123.3738,30.08,67,62,2.08,PH,1635735102
45,Sidhaulī,27.2833,80.8333,17.94,53,0,1.6,IN,1635735102
46,Lüderitz,-26.6481,15.1594,16.41,67,100,3.15,NA,1635735102
47,Kapit,2.0167,112.9333,30.46,65,100,0.08,MY,1635735103
48,Geraldton,-28.7667,114.6,21.18,42,70,8.23,AU,1635735103
49,Punta Arenas,-53.15,-70.9167,10.06,57,0,3.6,CL,1635735103
50,Kalmunai,7.4167,81.8167,28.19,78,60,2.87,LK,1635735104
51,Dudinka,69.4058,86.1778,-24.02,100,95,2.47,RU,1635735104
52,Butaritari,3.0707,172.7902,28.1,73,2,4.87,KI,1635735104
53,Opuwo,-18.0607,13.84,17.5,22,0,1.78,NA,1635735105
54,Beringovskiy,63.05,179.3167,-14.85,90,72,5.63,RU,1635734976
55,Sola,-13.8833,167.55,27.18,74,16,6.21,VU,1635735105
56,Khatanga,71.9667,102.5,-14.71,96,100,5.22,RU,1635734814
57,Dābhol,17.6,73.1667,26.55,64,83,1.97,IN,1635735106
58,Te Anau,-45.4167,167.7167,11.07,79,99,3.19,NZ,1635734920
59,Caramay,10.1815,119.236,29.59,70,97,5.52,PH,1635735106
60,Kaitangata,-46.2817,169.8464,16.83,50,95,5.65,NZ,1635735107
61,Saskylakh,71.9167,114.0833,-15.77,97,98,2.71,RU,1635735107
62,Kangaatsiaq,68.3065,-53.4641,1.96,86,100,9.14,GL,1635735107
63,Port Lincoln,-34.7333,135.8667,22.01,46,0,5.19,AU,1635734859
64,Ponta do Sol,32.6667,-17.1,22.35,75,44,0.5,PT,1635735108
65,Esperance,-33.8667,121.9,19.91,58,100,8.48,AU,1635735108
66,Turukhansk,65.8167,87.9833,-14.17,95,95,1.0,RU,1635735108
67,Gazli,40.1333,63.45,7.42,47,0,4.61,UZ,1635735109
68,Torbay,47.6666,-52.7314,7.93,95,90,5.66,CA,1635735109
69,Hong Kong,22.2855,114.1577,28.31,77,37,0.89,HK,1635735109
70,Quatre Cocos,-20.2078,57.7625,23.94,74,18,4.39,MU,1635735110
71,Kuah,6.3265,99.8432,30.99,74,20,1.54,MY,1635735110
72,Havre-St-Pierre,50.2334,-63.5986,11.33,93,90,6.69,CA,1635735110
73,Wawa,9.9022,4.4192,23.11,52,74,2.01,NG,1635735111
74,Bethanien,-26.502,17.1583,13.96,39,23,2.57,NA,1635735111
75,George Town,5.4112,100.3354,30.5,77,20,1.34,MY,1635735111
76,Hithadhoo,-0.6,73.0833,27.79,75,99,8.9,MV,1635735112
77,Kununurra,-15.7667,128.7333,31.99,51,64,3.6,AU,1635735031
78,Thompson,55.7435,-97.8558,-1.91,74,75,5.14,CA,1635735112
79,Cherskiy,68.75,161.3,-18.4,98,100,2.42,RU,1635734816
80,Vaini,-21.2,-175.2,27.09,83,75,4.63,TO,1635735113
81,Leningradskiy,69.3833,178.4167,-18.58,87,99,5.58,RU,1635734885
82,Oktyabr'skoye,43.0645,44.7417,4.08,100,100,1.0,RU,1635735113
83,Valdemārpils,57.3707,22.5919,6.68,87,43,3.04,LV,1635735113
84,Syedove,47.0768,38.156,8.33,90,0,6.95,UA,1635735114
85,Klaksvík,62.2266,-6.589,5.51,69,100,7.04,FO,1635735114
86,Avarua,-21.2078,-159.775,24.03,78,75,7.72,CK,1635735114
87,Poltavka,54.3663,71.7632,0.58,98,100,5.37,RU,1635735115
88,Alofi,-19.0595,-169.9187,27.94,57,27,8.23,NU,1635735115
89,Raseiniai,55.3736,23.1217,4.25,79,71,4.09,LT,1635735116
90,Kapaa,22.0752,-159.319,26.99,79,20,0.89,US,1635734835
91,Coquimbo,-29.9533,-71.3436,13.85,88,75,1.54,CL,1635735024
92,Yichun,47.7,128.9,4.4,21,0,0.48,CN,1635735116
93,Nikolskoye,59.7035,30.7861,8.9,91,97,2.52,RU,1635735116
94,Castro,-24.7911,-50.0119,14.51,96,98,3.64,BR,1635734887
95,Lorengau,-2.0226,147.2712,28.15,80,100,5.42,PG,1635735117
96,Aasiaat,68.7098,-52.8699,0.78,86,100,5.66,GL,1635735117
97,Chokurdakh,70.6333,147.9167,-22.1,98,92,3.19,RU,1635735117
98,Duartina,-22.4144,-49.4039,20.8,92,98,3.12,BR,1635735118
99,Shimoda,34.6667,138.95,20.2,69,90,4.04,JP,1635735118
100,Iqaluit,63.7506,-68.5145,-2.15,86,40,3.58,CA,1635735119
101,Laguna,38.421,-121.4238,17.08,77,1,2.06,US,1635735119
102,Port Shepstone,-30.7414,30.455,18.4,87,3,4.75,ZA,1635735119
103,Jamestown,42.097,-79.2353,10.77,93,90,5.81,US,1635734976
104,Bilibino,68.0546,166.4372,-30.17,100,99,0.66,RU,1635735120
105,Fortuna,40.5982,-124.1573,16.07,71,90,2.24,US,1635735120
106,Avera,33.194,-82.5271,14.93,81,0,2.89,US,1635735120
107,Taoudenni,22.6783,-3.9836,25.2,21,0,5.06,ML,1635735121
108,Kirakira,-10.4544,161.9205,30.23,64,89,6.84,SB,1635735121
109,Sirte,31.2089,16.5887,20.88,49,80,5.57,LY,1635735122
110,Tilichiki,60.4667,166.1,-18.75,90,14,5.07,RU,1635734871
111,Manavālakurichi,8.1333,77.3,26.05,87,100,0.58,IN,1635735122
112,Severnyy,50.677,36.5532,2.02,87,0,0.0,RU,1635735122
113,Yeniseysk,58.4497,92.1703,-4.14,78,100,5.55,RU,1635735123
114,Dikson,73.5069,80.5464,-14.64,93,94,4.74,RU,1635735123
115,Nicoya,10.1483,-85.452,24.75,92,97,0.42,CR,1635735124
116,La Ronge,55.1001,-105.2842,-0.86,69,90,3.6,CA,1635735124
117,Eureka,40.8021,-124.1637,16.22,71,100,0.45,US,1635734956
118,Ancud,-41.8697,-73.8203,12.74,91,0,4.16,CL,1635735124
119,São Filipe,14.8961,-24.4956,26.34,76,100,3.54,CV,1635735125
120,Saint-Pierre,-21.3393,55.4781,21.82,67,0,1.54,RE,1635734987
121,Izumo,35.3667,132.7667,19.97,64,75,4.63,JP,1635735125
122,Chapais,49.7834,-74.8492,3.88,98,100,2.08,CA,1635735126
123,Matamoros,25.5333,-103.25,22.66,20,4,2.13,MX,1635735126
124,Savinskiy,62.9342,40.1361,4.3,95,100,1.61,RU,1635735126
125,Lagoa,39.05,-27.9833,20.09,92,100,4.81,PT,1635735127
126,Cidreira,-30.1811,-50.2056,19.8,89,8,9.21,BR,1635735127
127,Lompoc,34.6391,-120.4579,15.31,85,1,2.57,US,1635735128
128,Qaqortoq,60.7167,-46.0333,-2.76,63,26,3.08,GL,1635735128
129,Nokaneng,-19.6667,22.2667,23.74,18,2,1.02,BW,1635735128
130,Strezhevoy,60.7333,77.5889,-20.01,93,55,2.7,RU,1635735129
131,Jaguariúna,-22.7056,-46.9858,20.43,92,100,1.74,BR,1635734977
132,Nuuk,64.1835,-51.7216,2.34,87,90,7.72,GL,1635734884
133,Abū Zabad,12.35,29.25,26.08,45,36,2.29,SD,1635735129
134,Port Macquarie,-31.4333,152.9167,21.98,49,99,5.2,AU,1635735054
135,Lahān,26.7296,86.4951,23.49,62,0,1.29,NP,1635735130
136,Mathathane,-22.2687,28.7495,18.85,73,0,5.55,BW,1635735130
137,Tuyen Quang,21.8233,105.2181,20.22,97,100,0.7,VN,1635735131
138,Ugra,54.7777,34.3267,2.3,88,0,2.25,RU,1635735131
139,Hobart,-42.8794,147.3294,19.45,51,75,1.79,AU,1635734918
140,Aykhal,66.0,111.5,-15.54,95,100,8.86,RU,1635734951
141,Boyolangu,-8.1181,111.8935,28.47,74,99,2.79,ID,1635735131
142,Tiksi,71.6872,128.8694,-12.9,86,100,4.45,RU,1635735132
143,Talakan,50.3167,130.3667,2.99,25,19,1.07,RU,1635735132
144,Yangcun,39.3639,117.0603,12.99,51,2,0.89,CN,1635735133
145,New Norfolk,-42.7826,147.0587,19.25,44,100,0.89,AU,1635735133
146,Tayoltita,24.0833,-105.9333,17.19,91,0,2.23,MX,1635735133
147,Olafsvik,64.8945,-23.7142,1.55,69,24,7.64,IS,1635735133
148,Tuktoyaktuk,69.4541,-133.0374,-3.0,86,75,5.14,CA,1635735134
149,Sūlam,32.6061,35.3341,20.13,57,100,2.63,IL,1635735134
150,Champerico,14.3,-91.9167,26.86,85,100,3.65,GT,1635735134
151,Mossamedes,-15.1961,12.1522,17.55,82,19,2.87,AO,1635735135
152,San Quintín,30.4833,-115.95,16.8,85,2,3.47,MX,1635735135
153,Assiniboia,49.6334,-105.9845,-2.05,74,0,3.09,CA,1635735135
154,Narsaq,60.9167,-46.05,-3.53,64,30,3.16,GL,1635735136
155,Maţāy,28.419,30.7792,21.99,38,62,2.0,EG,1635735136
156,Nome,64.5011,-165.4064,-6.96,79,1,0.0,US,1635735136
157,Imeni Poliny Osipenko,52.4201,136.4853,1.05,42,3,4.29,RU,1635735137
158,Upernavik,72.7868,-56.1549,-2.35,89,100,4.24,GL,1635735137
159,Pahrump,36.2083,-115.9839,22.01,32,76,1.79,US,1635735138
160,Lebu,-37.6167,-73.65,10.1,94,67,2.56,CL,1635735138
161,Filingué,14.3521,3.3168,28.69,16,100,2.92,NE,1635735138
162,Totskoye,52.5248,52.7623,4.91,87,14,4.11,RU,1635735139
163,Finschhafen,-6.6024,147.8681,29.39,69,100,4.79,PG,1635735139
164,Belmonte,-15.8631,-38.8828,25.28,86,37,3.42,BR,1635735139
165,Hualmay,-11.0964,-77.6139,18.09,81,7,3.73,PE,1635735140
166,Luba,3.4568,8.5547,23.94,84,99,2.51,GQ,1635735140
167,Port Alfred,-33.5906,26.891,19.39,76,92,5.72,ZA,1635735141
168,Madimba,-10.4,40.3333,26.3,70,93,4.55,TZ,1635735141
169,Koutsouras,35.0339,25.9469,18.39,74,76,4.58,GR,1635735141
170,Arraial do Cabo,-22.9661,-42.0278,20.94,95,100,10.13,BR,1635735142
171,Lakhipur,26.0299,90.3041,22.19,72,0,2.7,IN,1635735142
172,Cabo San Lucas,22.8909,-109.9124,26.45,79,13,2.68,MX,1635735082
173,Umm Kaddadah,13.6017,26.6876,26.86,21,39,5.28,SD,1635735142
174,Mosquera,4.7059,-74.2302,13.05,94,40,3.6,CO,1635735143
175,Sitka,57.0531,-135.33,9.94,43,75,4.12,US,1635735143
176,Mahébourg,-20.4081,57.7,24.03,94,40,2.57,MU,1635735143
177,Grindavik,63.8424,-22.4338,1.97,80,75,9.77,IS,1635735144
178,Pacific Grove,36.6177,-121.9166,15.42,82,96,0.89,US,1635734972
179,Concepción del Oro,24.6333,-101.4167,16.65,33,20,3.25,MX,1635735144
180,Zykovo,55.9519,93.1461,-0.59,79,100,7.45,RU,1635735144
181,Vestmannaeyjar,63.4427,-20.2734,3.29,69,16,11.66,IS,1635735145
182,Yar-Sale,66.8333,70.8333,-13.52,96,100,1.16,RU,1635735145
183,Barrow,71.2906,-156.7887,-5.99,86,1,6.69,US,1635735145
184,Comodoro Rivadavia,-45.8667,-67.5,8.92,76,0,6.17,AR,1635735146
185,Chengde,40.9725,117.9361,9.52,47,0,0.71,CN,1635735146
186,Svetlaya,46.5389,138.3297,5.01,82,100,2.4,RU,1635735146
187,Kulhudhuffushi,6.6221,73.07,27.51,77,100,6.11,MV,1635735147
188,Namatanai,-3.6667,152.4333,29.74,68,73,5.0,PG,1635735147
189,Esmeraldas,-19.7625,-44.3139,20.48,98,100,1.19,BR,1635735147
190,Port Blair,11.6667,92.75,28.84,73,62,3.36,IN,1635735148
191,Derzhavīnsk,51.1,66.3167,5.02,90,100,6.96,KZ,1635735148
192,San Cristobal,7.7669,-72.225,19.1,97,98,0.42,VE,1635734864
193,East London,-33.0153,27.9116,18.2,83,92,5.96,ZA,1635735149
194,Bethel,41.3712,-73.414,13.84,85,90,0.45,US,1635735149
195,Dingle,10.9995,122.6711,28.95,74,71,6.83,PH,1635735149
196,Tarakan,3.3,117.6333,30.72,66,40,3.6,ID,1635735150
197,Katsuura,35.1333,140.3,19.06,75,100,2.71,JP,1635735150
198,Morondava,-20.2833,44.2833,21.59,83,32,3.01,MG,1635735150
199,Ilulissat,69.2167,-51.1,0.01,93,75,6.17,GL,1635734914
200,Ajdabiya,30.7554,20.2263,19.01,80,100,1.03,LY,1635735151
201,Pilar,-9.5972,-35.9567,23.96,89,84,1.61,BR,1635735151
202,Shangzhi,45.2167,127.9667,6.65,42,98,2.68,CN,1635735151
203,Marsaxlokk,35.8419,14.5431,18.93,100,40,3.6,MT,1635735152
204,Santa Fe,-31.6333,-60.7,23.9,74,59,3.58,AR,1635734912
205,Havelock,34.8791,-76.9013,17.18,91,1,0.0,US,1635734975
206,Severo-Kuril'sk,50.6789,156.125,2.33,62,69,10.8,RU,1635735152
207,Christchurch,-43.5333,172.6333,16.29,66,39,2.68,NZ,1635735153
208,Pilot Butte,50.4668,-104.4178,-1.23,79,40,3.09,CA,1635735153
209,Murmashi,68.8154,32.8115,-4.77,100,40,2.0,RU,1635735153
210,Black River,18.0264,-77.8487,26.0,84,12,1.62,JM,1635735154
211,Yumen,40.2833,97.2,8.54,24,100,6.06,CN,1635735154
212,Narón,43.5167,-8.1528,13.47,76,43,4.79,ES,1635735154
213,Ayutla,20.1167,-104.3333,17.39,83,10,0.78,MX,1635735155
214,Maïné Soroa,13.2114,12.0241,26.54,18,98,3.63,NE,1635735155
215,Kromy,52.6876,35.7667,3.23,74,0,2.22,RU,1635735155
216,Samarai,-10.6167,150.6667,28.7,77,100,6.81,PG,1635735156
217,Dafeng,23.4517,108.5881,18.0,94,100,1.93,CN,1635735156
218,Shājāpur,23.4333,76.2667,21.13,46,2,2.02,IN,1635735156
219,Ivnya,51.0629,36.1343,1.95,78,0,3.11,RU,1635735157
220,Ribeira Grande,38.5167,-28.7,21.69,87,100,3.39,PT,1635735157
221,Galle,6.0367,80.217,26.79,84,100,5.25,LK,1635735157
222,São Paulo de Olivença,-3.3783,-68.8725,23.35,95,85,0.75,BR,1635735158
223,Kaniv,49.7518,31.46,3.98,85,0,2.61,UA,1635735158
224,Puerto Escondido,15.85,-97.0667,26.01,81,77,1.74,MX,1635734888
225,Fairbanks,64.8378,-147.7164,7.98,46,1,3.09,US,1635734902
226,Guerrero Negro,27.9769,-114.0611,17.74,84,0,4.78,MX,1635735159
227,Agadez,19.75,10.25,22.86,27,55,3.98,NE,1635735159
228,Aklavik,68.2191,-135.0107,0.46,89,100,3.15,CA,1635734879
229,Talnakh,69.4865,88.3972,-25.61,98,87,1.92,RU,1635735159
230,Zabul Province,32.25,67.25,8.45,36,0,1.1,AF,1635735160
231,Jinchang,38.4953,102.1739,9.02,35,98,1.87,CN,1635735160
232,Padang,-0.9492,100.3543,29.03,77,100,1.17,ID,1635735161
233,Nouadhibou,20.931,-17.0347,18.99,100,100,4.63,MR,1635734908
234,Fare,-16.7,-151.0167,26.14,72,75,6.89,PF,1635735161
235,Saint-Philippe,-21.3585,55.7679,21.77,84,66,4.51,RE,1635734909
236,Ossora,59.2353,163.0719,-11.57,79,11,5.41,RU,1635735162
237,Porto Santo,33.072,-16.3415,21.95,88,75,3.6,PT,1635735162
238,Pochutla,15.7432,-96.4661,24.34,93,53,1.8,MX,1635735162
239,Mehamn,71.0357,27.8492,-0.83,88,89,5.54,NO,1635735163
240,Tura,25.5198,90.2201,22.51,60,0,0.48,IN,1635735163
241,Tuatapere,-46.1333,167.6833,12.77,73,97,5.14,NZ,1635735163
242,Coahuayana Viejo,18.7333,-103.6833,24.49,85,21,1.28,MX,1635735164
243,Nouakchott,18.0858,-15.9785,27.96,48,100,6.92,MR,1635735129
244,Lodja,-3.4833,23.4333,19.41,94,100,0.72,CD,1635735164
245,Les Cayes,18.2,-73.75,24.6,84,0,1.99,HT,1635735165
246,Le Port,-20.9373,55.2919,22.16,86,2,0.56,RE,1635735165
247,Touros,-5.1989,-35.4608,27.5,78,55,6.14,BR,1635734878
248,Mmathubudukwane,-24.6,26.4333,20.48,67,0,3.61,BW,1635735165
249,Korla,41.7597,86.1469,10.4,25,11,1.61,CN,1635735166
250,Broome,42.2506,-75.833,11.48,78,20,0.45,US,1635735166
251,Niquero,20.0431,-77.5828,25.21,85,98,4.28,CU,1635735166
252,Bulgan,48.8125,103.5347,2.58,44,99,1.56,MN,1635735167
253,Bengkulu,-3.8004,102.2655,27.99,73,100,1.95,ID,1635735167
254,Poplar Bluff,36.757,-90.3929,10.9,87,1,0.0,US,1635735167
255,Cockburn Town,21.4612,-71.1419,27.78,68,98,4.0,TC,1635735168
256,Saldanha,-33.0117,17.9442,17.03,76,100,5.88,ZA,1635734898
257,Kysyl-Syr,63.8986,122.7617,-9.22,86,100,2.58,RU,1635735028
258,Izvestkovyy,48.9833,131.55,4.91,24,7,1.02,RU,1635735168
259,Praia,14.9215,-23.5087,25.3,94,75,6.17,CV,1635735169
260,Kawalu,-7.3817,108.2082,27.99,75,99,1.39,ID,1635735169
261,Bosaso,11.2842,49.1816,26.02,73,30,3.13,SO,1635735169
262,Vallenar,-28.5708,-70.7581,16.67,61,67,0.57,CL,1635735170
263,Montevideo,-34.8335,-56.1674,16.84,94,90,5.66,UY,1635735081
264,Khāsh,28.2211,61.2158,13.38,31,0,2.1,IR,1635735170
265,Thinadhoo,0.5333,72.9333,28.2,76,100,9.2,MV,1635735171
266,Vanimo,-2.6741,141.3028,26.8,85,98,2.25,PG,1635735171
267,Khanbari,27.3747,87.2039,18.44,74,47,0.56,NP,1635735171
268,Ndjolé,-0.1783,10.7649,23.1,99,100,0.36,GA,1635735172
269,Whitehorse,60.7161,-135.0538,1.43,59,75,8.05,CA,1635735172
270,Hambantota,6.1241,81.1185,28.19,89,20,1.03,LK,1635735172
271,Hammerfest,70.6634,23.6821,3.25,75,89,4.12,NO,1635734941
272,Anūpgarh,29.1911,73.2086,24.53,21,0,3.54,IN,1635735173
273,Camacha,33.0833,-16.3333,20.42,88,75,3.6,PT,1635734937
274,Bakel,14.905,-12.4568,28.79,24,67,2.16,SN,1635735173
275,Ozar,20.1,73.9333,22.16,43,15,2.86,IN,1635735174
276,Ilave,-16.0833,-69.6667,9.4,65,95,2.63,PE,1635735174
277,São Miguel do Araguaia,-13.275,-50.1628,24.5,75,100,3.32,BR,1635735174
278,Kahului,20.8947,-156.47,28.59,69,40,4.63,US,1635735175
279,Antofagasta,-23.65,-70.4,15.6,74,21,1.25,CL,1635735175
280,Huarmey,-10.0681,-78.1522,18.15,82,11,3.33,PE,1635735175
281,Sabha,27.0377,14.4283,18.47,27,0,0.82,LY,1635735176
282,Batagay,67.6333,134.6333,-15.17,83,100,2.49,RU,1635735176
283,Adrar,20.5022,-10.0711,27.78,22,69,3.63,MR,1635735176
284,Saint Paul Harbor,57.79,-152.4072,5.63,90,100,2.12,US,1635734899
285,Qui Nhon,13.7667,109.2333,27.5,79,91,3.89,VN,1635735177
286,Tanout,14.9709,8.8879,25.73,20,74,4.74,NE,1635735178
287,Niamey,13.5137,2.1098,27.16,28,0,0.51,NE,1635735178
288,Guaraniaçu,-25.1008,-52.8781,14.79,98,3,1.4,BR,1635735178
289,Normandin,48.8333,-72.5321,8.79,93,100,3.6,CA,1635735179
290,Abu Kamal,34.4506,40.9171,20.95,59,99,6.36,SY,1635735179
291,Lianzhou,24.7811,112.3825,17.41,94,100,1.46,CN,1635735179
292,Honningsvåg,70.9821,25.9704,1.94,86,73,7.51,NO,1635735180
293,Dakar,14.6937,-17.4441,26.49,77,99,7.37,SN,1635735111
294,Maków Mazowiecki,52.8649,21.1005,8.9,69,0,4.69,PL,1635735180
295,Sakakah,29.9697,40.2064,21.76,35,100,4.64,SA,1635735181
296,Bambous Virieux,-20.3428,57.7575,24.01,94,40,2.57,MU,1635735181
297,Kirovskiy,45.0917,133.5136,8.17,52,25,1.28,RU,1635735181
298,North Platte,41.1239,-100.7654,0.94,93,90,0.0,US,1635735182
299,Pedra Azul,-16.0053,-41.2972,18.42,95,47,2.13,BR,1635735128
300,Labuan,5.2767,115.2417,31.09,70,20,0.89,MY,1635735182
301,Tahe,52.3333,124.7333,3.62,28,60,1.37,CN,1635735183
302,Kruisfontein,-34.0033,24.7314,16.05,88,100,7.95,ZA,1635735183
303,Yulara,-25.2406,130.9889,26.91,44,0,3.09,AU,1635735184
304,Kamenka,51.3223,42.7678,3.75,67,0,2.33,RU,1635735184
305,Bafra,41.5678,35.9069,14.34,75,100,3.13,TR,1635735184
306,Nemuro,43.3236,145.575,13.24,76,29,6.56,JP,1635735185
307,Faanui,-16.4833,-151.75,26.07,74,72,7.45,PF,1635734933
308,Mazyr,52.0495,29.2456,2.8,76,0,3.06,BY,1635735185
309,Codrington,-38.2667,141.9667,17.56,66,0,4.89,AU,1635735185
310,Sioux Lookout,50.1001,-91.917,1.04,93,75,3.09,CA,1635735186
311,Colares,38.7992,-9.4469,19.82,87,94,2.68,PT,1635735186
312,Alekseyevsk,57.8406,108.3492,1.01,72,100,1.68,RU,1635735186
313,Jiaozuo,35.2397,113.2331,15.45,57,100,2.82,CN,1635735187
314,Vardø,70.3705,31.1107,2.88,76,98,8.27,NO,1635735187
315,Clyde River,70.4692,-68.5914,-6.57,88,100,3.19,CA,1635735187
316,Mtambile,-5.3833,39.7,24.7,86,9,4.25,TZ,1635735188
317,Husavik,66.0449,-17.3389,0.95,99,100,8.64,IS,1635735188
318,Abu Dhabi,24.4667,54.3667,27.01,89,0,0.0,AE,1635735154
319,Yabassi,4.457,9.9682,22.94,99,94,0.33,CM,1635735189
320,Oddur,4.1213,43.8894,21.51,81,2,6.01,SO,1635735189
321,Remontnoye,46.5614,43.6501,6.23,85,99,5.57,RU,1635735190
322,Sistranda,63.7256,8.834,9.39,69,100,15.03,NO,1635735190
323,Akdepe,42.0551,59.3788,1.05,43,0,2.95,TM,1635735190
324,Leshukonskoye,64.8989,45.7622,-6.78,94,92,2.64,RU,1635735191
325,Loa Janan,-0.583,117.095,32.58,54,77,1.78,ID,1635735191
326,Sibolga,1.7427,98.7792,27.75,74,100,0.68,ID,1635735026
327,Hobyo,5.3505,48.5268,26.64,71,4,5.19,SO,1635735191
328,Banfora,10.6333,-4.7667,25.07,61,42,1.39,BF,1635735192
329,St. George's,12.0564,-61.7485,25.82,89,40,2.57,GD,1635735192
330,Sobolevo,54.4299,31.8996,2.46,85,0,3.21,RU,1635735193
331,Marrakesh,31.6315,-8.0083,17.04,72,9,2.57,MA,1635735175
332,Bolshaya Martynovka,47.271,41.6679,5.8,92,6,4.06,RU,1635735193
333,Boa Vista,2.8197,-60.6733,27.99,78,40,2.57,BR,1635735193
334,La Asuncion,11.0333,-63.8628,26.85,89,79,4.63,VE,1635735194
335,Tingo María,-9.2895,-76.0088,22.01,88,50,0.7,PE,1635735194
336,Radeberg,51.1167,13.9167,9.92,82,0,6.69,DE,1635735194
337,Yatou,37.15,122.3833,13.12,53,0,6.99,CN,1635735195
338,Boddam,57.4667,-1.7833,6.88,83,17,6.64,GB,1635735195
339,Kollam,8.8833,76.6,25.93,85,100,1.87,IN,1635735195
340,Saint-Ambroise,48.5501,-71.3324,10.3,93,100,3.09,CA,1635735196
341,Atasū,48.6814,71.6433,3.86,78,100,6.57,KZ,1635735196
342,Flin Flon,54.7682,-101.865,-1.09,93,99,3.01,CA,1635735196
343,Qandala,11.472,49.8728,25.88,77,88,3.72,SO,1635735197
344,Impfondo,1.6381,18.0667,21.28,99,100,1.34,CG,1635735197
345,Taguisa,6.6983,124.0358,29.29,71,69,3.61,PH,1635735197
346,Talara,-4.5772,-81.2719,18.46,83,8,5.4,PE,1635735198
347,San Patricio,28.017,-97.5169,24.34,61,0,3.58,US,1635735198
348,Gorontalo,0.5412,123.0595,31.97,58,40,1.64,ID,1635735198
349,Plettenberg Bay,-34.0527,23.3716,16.62,89,86,5.33,ZA,1635735199
350,Barcelos,41.5388,-8.6151,14.08,90,100,2.7,PT,1635735199
351,Sinnamary,5.3833,-52.95,25.96,84,72,3.52,GF,1635735200
352,Port Elizabeth,-33.918,25.5701,17.28,94,40,6.17,ZA,1635735200
353,Departamento de Maldonado,-34.6667,-54.9167,16.66,96,100,2.61,UY,1635735200
354,Babylon,40.6957,-73.3257,15.68,71,2,1.79,US,1635735201
355,Progreso,21.2833,-89.6667,23.2,64,6,4.36,MX,1635735201
356,Kindu,-2.95,25.95,20.47,100,100,1.26,CD,1635735201
357,Alice Springs,-23.7,133.8833,26.75,47,40,3.09,AU,1635735202
358,Fuglebjerg,55.306,11.5477,12.51,81,100,8.11,DK,1635735202
359,Caldwell,43.6629,-116.6874,11.62,78,1,1.54,US,1635735202
360,Luxeuil-les-Bains,47.8171,6.365,10.73,93,100,1.03,FR,1635735203
361,Tokur,53.1333,132.9,-3.53,54,22,1.53,RU,1635735203
362,Kiryat Gat,31.61,34.7642,23.23,47,100,2.92,IL,1635735194
363,Ketchikan,55.3422,-131.6461,4.26,81,1,0.0,US,1635734951
364,Cascais,38.6979,-9.4215,19.92,85,96,2.68,PT,1635735203
365,Qingdao,36.0986,120.3719,12.78,62,0,6.0,CN,1635735204
366,Pogradec,40.9025,20.6525,7.31,79,1,1.31,AL,1635735204
367,Buraidah,26.326,43.975,19.25,29,10,3.53,SA,1635735204
368,Ugoofaaru,5.6667,73.0,27.63,76,96,7.04,MV,1635735205
369,Ishigaki,24.3448,124.1572,26.07,73,75,5.66,JP,1635735205
370,Našice,45.4886,18.0878,5.42,95,0,1.79,HR,1635735206
371,Bathsheba,13.2167,-59.5167,25.34,83,75,4.63,BB,1635735206
372,Bemidji,47.4736,-94.8803,1.62,73,90,4.63,US,1635735206
373,Gushikawa,26.3544,127.8686,28.77,68,75,4.12,JP,1635734957
374,Petropavlovsk-Kamchatskiy,53.0452,158.6483,2.33,41,20,7.0,RU,1635735207
375,Nynäshamn,58.9034,17.9479,9.5,96,100,6.63,SE,1635735207
376,Katobu,-4.9408,122.5276,32.83,52,11,0.34,ID,1635735207
377,Sørland,67.667,12.6934,8.5,86,55,7.78,NO,1635735208
378,Puerto Baquerizo Moreno,-0.9,-89.6,20.53,89,26,3.87,EC,1635735160
379,Biak,-0.9131,122.8766,29.23,65,22,0.78,ID,1635735208
380,Deputatsky,69.3,139.9,-15.4,74,100,0.47,RU,1635735015
381,Mar del Plata,-38.0023,-57.5575,12.83,91,90,4.47,AR,1635735209
382,Lavrentiya,65.5833,-171.0,-10.76,78,100,4.22,RU,1635735209
383,Skibbereen,51.55,-9.2667,5.89,74,7,8.27,IE,1635735209
384,Gilgit,35.9221,74.3087,11.29,35,100,1.98,PK,1635735210
385,Falkenstein,50.4779,12.3713,9.72,75,43,10.73,DE,1635735210
386,Saint George,37.1041,-113.5841,20.33,44,1,0.89,US,1635735061
387,Makakilo City,21.3469,-158.0858,27.38,64,1,3.09,US,1635734997
388,Shatsk,54.0258,41.7119,3.67,85,7,3.5,RU,1635735211
389,Bari Sādri,24.4167,74.4667,14.19,42,0,1.75,IN,1635735211
390,Muisne,0.6,-80.0333,24.4,80,85,2.3,EC,1635735211
391,Bambanglipuro,-7.95,110.2833,27.92,77,100,2.58,ID,1635735207
392,Matagami,49.7502,-77.6328,4.06,100,90,4.12,CA,1635735212
393,Khandyga,62.6667,135.6,-11.45,93,100,2.16,RU,1635735212
394,Bud,39.447,-86.1758,9.02,88,0,4.11,US,1635735212
395,Los Llanos de Aridane,28.6585,-17.9182,20.62,30,0,2.68,ES,1635735213
396,Pemba,-12.974,40.5178,24.39,94,20,4.47,MZ,1635735213
397,Chake Chake,-5.2459,39.7666,23.74,90,18,3.37,TZ,1635735213
398,Portland,45.5234,-122.6762,13.32,46,20,1.34,US,1635734978
399,Hasaki,35.7333,140.8333,20.16,69,100,2.15,JP,1635735214
400,Zhuanghe,39.7008,122.9911,10.22,39,0,3.75,CN,1635735214
401,Riyadh,24.6877,46.7219,18.08,29,0,1.39,SA,1635735200
402,Saint Anthony,45.0205,-93.218,4.47,67,7,0.45,US,1635735215
403,Porto Seguro,-16.4497,-39.0647,25.29,83,40,5.14,BR,1635735215
404,Vila Velha,-20.3297,-40.2925,20.97,100,90,2.06,BR,1635734989
405,Zmeinogorsk,51.1567,82.195,-2.72,86,100,6.64,RU,1635735215
406,Grand-Santi,4.25,-54.3833,22.33,99,66,0.79,GF,1635735216
407,Muros,42.7762,-9.0603,15.47,95,46,4.26,ES,1635735216
408,Solnechnyy,50.7214,136.6319,2.53,46,2,2.49,RU,1635735217
409,Mulegé,26.8833,-111.9833,23.72,56,100,0.84,MX,1635735217
410,Chiang Khong,20.2613,100.4046,26.18,82,79,0.47,TH,1635735217
411,Kilindoni,-7.9139,39.6668,26.8,75,89,3.82,TZ,1635735218
412,Sicamous,50.8331,-118.9856,1.17,50,0,1.79,CA,1635734991
413,Manta,-0.95,-80.7333,22.88,88,90,3.09,EC,1635735083
414,Rio Rancho,35.2334,-106.6645,16.86,37,100,1.79,US,1635735057
415,Port Moresby,-9.4431,147.1797,31.68,66,40,2.57,PG,1635734958
416,Murgab,37.4966,61.9714,3.93,81,0,2.06,TM,1635735219
417,Tabou,4.423,-7.3528,24.81,88,90,3.0,CI,1635735219
418,Suez,29.9737,32.5263,23.59,53,100,1.72,EG,1635735219
419,Gizo Government Station,-8.103,156.8419,28.32,75,100,3.79,SB,1635735220
420,Nishihara,26.1842,127.7558,28.81,72,40,5.14,JP,1635735220
421,Valday,57.9747,33.2525,4.82,87,43,3.15,RU,1635735220
422,Rawson,-43.3002,-65.1023,8.98,76,46,6.41,AR,1635735052
423,Chongqing,29.5628,106.5528,17.83,97,90,2.0,CN,1635735221
424,Terrace,54.5163,-128.6035,5.24,60,1,10.29,CA,1635735221
425,Nelson Bay,-32.7167,152.15,24.6,56,100,0.89,AU,1635735222
426,Peachtree City,33.3968,-84.5958,12.32,93,1,2.06,US,1635735222
427,Pampierstad,-27.7832,24.6877,17.97,30,3,3.22,ZA,1635735222
428,Virginia Beach,36.8529,-75.978,17.23,85,1,3.09,US,1635735050
429,Lae,-6.7221,146.9847,26.37,64,97,4.39,PG,1635735223
430,Longyearbyen,78.2186,15.6401,-2.96,90,100,2.67,SJ,1635735223
431,Caravelas,-17.7125,-39.2481,23.56,82,57,3.11,BR,1635735223
432,Mildura,-34.2,142.15,27.82,12,99,2.06,AU,1635735365
433,Nantucket,41.2835,-70.0995,15.61,90,16,8.54,US,1635735224
434,Celestún,20.8667,-90.4,23.16,65,7,4.82,MX,1635735224
435,Distrikt Brokopondo,4.75,-55.1667,24.46,91,92,3.49,SR,1635735224
436,Havøysund,70.9963,24.6622,3.49,81,93,8.65,NO,1635735225
437,San Rafael,-34.6177,-68.3301,9.18,70,100,0.85,AR,1635735225
438,Conde,-7.2597,-34.9075,25.7,83,20,2.57,BR,1635735226
439,Puerto Ayora,-0.7393,-90.3518,20.6,91,41,2.95,EC,1635735226
440,Idrinskoye,54.3708,92.1358,1.44,56,100,7.92,RU,1635735226
441,Garoowe,8.4054,48.4845,21.94,74,81,3.09,SO,1635735227
442,Gelibolu,40.4103,26.6708,13.22,90,100,3.01,TR,1635735227
443,Tiznit Province,29.5833,-9.5,16.3,42,0,0.4,MA,1635735227
444,Ahipara,-35.1667,173.1667,16.41,61,50,6.34,NZ,1635735010
445,Vila,42.0304,-8.1588,7.96,95,94,1.61,PT,1635735228
446,Buneşti,46.8333,27.9667,5.29,91,0,2.03,RO,1635735228
447,Ville-Marie,47.3335,-79.433,4.0,95,100,6.21,CA,1635735228
448,Salinópolis,-0.6136,-47.3561,26.32,85,53,4.84,BR,1635735128
449,Vao,-22.6667,167.4833,22.15,78,22,9.0,NC,1635735229
450,Cayenne,4.9333,-52.3333,27.83,83,20,1.34,GF,1635735229
451,Kondinskoye,59.6481,67.41,-7.3,94,100,5.7,RU,1635735229
452,Avilés,43.5547,-5.9248,14.29,71,20,8.23,ES,1635735230
453,La Unión,-5.4,-80.75,20.54,62,56,5.96,PE,1635735230
454,Broken Hill,-31.95,141.4333,25.84,11,41,5.14,AU,1635735230
455,Novorzhev,57.0294,29.3338,5.67,84,29,2.64,RU,1635735231
456,Nanortalik,60.1432,-45.2371,0.9,67,70,4.25,GL,1635734965
457,Laredo,27.5064,-99.5075,26.16,53,1,8.23,US,1635735054
458,Lumeje,-11.55,20.7833,18.46,94,100,1.63,AO,1635735231
459,Ha Giang,22.8333,104.9833,20.92,99,100,0.56,VN,1635735232
460,Bien Hoa,10.95,106.8167,29.99,70,54,2.1,VN,1635735232
461,Ţaga,46.95,24.05,0.05,84,0,1.34,RO,1635735232
462,Părteştii de Jos,47.6333,25.9667,3.91,86,0,1.83,RO,1635735233
463,Oyama,36.3,139.8,21.13,55,100,1.46,JP,1635735233
464,Balikpapan,-1.2675,116.8289,29.55,84,20,1.54,ID,1635735233
465,Asău,46.4333,26.4,5.51,90,0,1.92,RO,1635735234
466,Athol,42.5959,-72.2268,13.01,83,81,0.45,US,1635735234
467,Atambua,-9.1061,124.8925,30.57,52,76,1.77,ID,1635735234
468,Sumbe,-11.2061,13.8437,23.14,90,100,1.45,AO,1635735235
469,Yarke Pole,45.608,34.3172,8.41,88,62,1.97,UA,1635735235
470,Acarí,-15.4311,-74.6158,19.9,72,63,1.18,PE,1635735236
471,Rexburg,43.826,-111.7897,7.59,56,79,2.63,US,1635735236
472,Sæby,57.3319,10.5225,12.96,90,100,10.09,DK,1635735236
473,Bossangoa,6.4926,17.4552,21.55,91,99,2.1,CF,1635735236
474,Hofn,64.2539,-15.2082,4.21,60,99,12.92,IS,1635735237
475,Ilhéus,-14.7889,-39.0494,22.73,90,51,1.38,BR,1635735067
476,Santa Rosa de Osos,6.6474,-75.4603,11.41,97,100,0.7,CO,1635735237
477,Abu Samrah,35.3029,37.1841,18.23,60,20,3.96,SY,1635735238
478,Healdsburg,38.6105,-122.8692,15.13,84,90,0.0,US,1635735079
479,Byron Bay,-28.65,153.6167,23.97,52,100,2.99,AU,1635735238
480,Luanda,-8.8368,13.2343,24.0,83,75,2.57,AO,1635734962
481,Roebourne,-20.7833,117.1333,27.06,48,0,6.75,AU,1635735239
482,Lachhmangarh,27.8214,75.0251,22.7,26,0,4.01,IN,1635735239
483,Ararat,39.8317,44.7049,9.19,77,98,1.0,AM,1635735239
484,Nerja,36.7585,-3.8873,21.35,76,99,3.92,ES,1635735240
485,Vengerovo,55.6848,76.7471,-4.71,94,100,4.2,RU,1635735240
486,Mt. Pleasant,32.7941,-79.8626,15.56,93,1,0.0,US,1635735069
487,Chernyshevskiy,63.0128,112.4714,-8.9,85,89,1.98,RU,1635735240
488,Maniwaki,46.3834,-75.966,8.3,93,100,2.06,CA,1635735241
489,Sechura,-5.5569,-80.8222,19.36,71,42,5.54,PE,1635735241
490,Yinchuan,38.4681,106.2731,9.11,37,100,1.52,CN,1635735242
491,San Ramon,37.7799,-121.978,15.67,80,1,2.57,US,1635735048
492,Palmer,42.1584,-72.3287,13.33,86,20,1.54,US,1635735243
493,Kayes,14.0,-11.0,27.57,45,17,1.48,ML,1635735243
494,Aksarka,66.5606,67.7975,-18.54,91,89,1.3,RU,1635735243
495,Zliten,32.4674,14.5687,23.16,43,69,4.93,LY,1635735244
496,Andreapol',56.6513,32.2664,2.99,87,9,2.48,RU,1635735244
497,Gayny,60.3071,54.3241,2.51,98,100,2.33,RU,1635735244
498,Aksu,41.1231,80.2644,8.89,27,0,1.16,CN,1635735245
499,Vizinga,61.0749,50.1031,2.95,99,100,1.02,RU,1635735245
500,Yangambi,0.8102,24.4336,20.32,100,100,1.07,CD,1635735245
501,Itoman,26.1247,127.6694,29.21,69,20,7.2,JP,1635735246
502,Dengzhou,37.8086,120.7508,12.2,56,1,7.25,CN,1635735246
503,Wynyard,-41.0,145.7167,18.31,54,58,5.1,AU,1635735246
504,Keti Bandar,24.1447,67.4497,26.87,62,1,6.11,PK,1635735247
505,Simões,-7.5989,-40.8178,26.03,45,74,1.97,BR,1635735247
506,Cam Ranh,11.9214,109.1591,27.98,74,40,2.57,VN,1635735247
507,Bilma,18.6853,12.9164,24.38,23,6,6.31,NE,1635735248
508,Anagé,-14.6122,-41.1356,21.4,80,21,1.54,BR,1635735248
509,San Miguel de Tucumán,-26.8241,-65.2226,21.0,94,90,3.09,AR,1635735248
510,Searcy,35.2506,-91.7363,14.73,73,1,0.45,US,1635735249
511,Danané,7.2596,-8.155,19.98,99,96,0.25,CI,1635735249
512,Serebryansk,49.6925,83.2892,-1.25,87,100,1.69,KZ,1635735249
513,Kangalassy,62.3464,129.9628,-10.04,90,100,3.01,RU,1635735250
514,Pierre,44.3683,-100.351,2.81,67,8,2.24,US,1635735250
515,Campina Verde,-19.5356,-49.4864,18.84,96,31,1.76,BR,1635735187
516,Nadvoitsy,63.8667,34.3167,5.07,98,100,2.53,RU,1635735251
517,Valle de Allende,26.9333,-105.4,20.24,31,98,1.0,MX,1635735251
518,Collie,-33.3667,116.15,13.88,52,24,6.27,AU,1635734959
519,Hailar,49.2,119.7,2.84,35,6,5.3,CN,1635735251
520,Druzhba,52.0428,33.9453,3.22,71,0,2.94,UA,1635735252
521,Talaya,61.3833,152.75,-21.14,92,54,0.43,RU,1635735252
522,Bucerías,20.75,-105.3333,24.72,85,0,0.97,MX,1635735143
523,Aleksandrov Gay,50.147,48.5704,5.11,64,0,3.35,RU,1635735253
524,Rome,43.2128,-75.4557,12.13,85,50,0.45,US,1635735253
525,Hope,33.6671,-93.5916,18.03,64,0,2.14,US,1635735005
526,Kropotkin,45.4375,40.5756,8.05,92,97,3.76,RU,1635735253
527,Pallasovka,50.05,46.8833,4.52,58,0,2.95,RU,1635735254
528,Nizhniy Kuranakh,58.8353,125.4869,-0.41,78,80,1.01,RU,1635735254
529,Sāveh,35.0213,50.3566,16.43,49,60,0.26,IR,1635735254
530,Chernyanka,50.9409,37.8069,3.25,74,0,2.08,RU,1635735255
531,Pouébo,-20.4,164.5667,26.87,51,15,0.54,NC,1635735255
532,Karratha,-20.7377,116.8463,26.49,50,7,6.36,AU,1635735255
533,Ixtapa,20.7,-105.2,23.25,94,7,0.86,MX,1635735256
534,Leh,34.1667,77.5833,-3.29,52,100,0.86,IN,1635735256
535,Mount Gambier,-37.8333,140.7667,19.95,37,3,3.09,AU,1635735256
536,Karpathos,35.507,27.2132,16.98,88,100,7.72,GR,1635735257
537,Muroto-misakicho,33.2833,134.15,22.02,63,51,1.48,JP,1635735257
538,Carman,49.4992,-98.0016,2.51,69,73,4.12,CA,1635735257
539,Raymondville,26.4815,-97.7831,25.21,62,1,4.33,US,1635735258
540,Pemangkat,1.1667,108.9667,29.78,66,79,1.81,ID,1635735258
541,Adré,13.4667,22.2,24.99,24,41,5.24,TD,1635735258
542,Stromness,58.965,-3.296,10.14,89,28,4.02,GB,1635735259
543,Itarema,-2.9248,-39.9167,26.77,77,32,5.98,BR,1635735259
544,High Level,58.5169,-117.136,-0.94,74,20,2.06,CA,1635735260
545,Pokaran,26.9167,71.9167,24.85,29,0,5.39,IN,1635735260
546,Dhidhdhoo,6.8833,73.1,27.71,76,100,6.13,MV,1635735260
547,Michigan City,41.7075,-86.895,9.44,55,90,4.12,US,1635735261
548,Tabuk,17.4189,121.4443,27.42,71,69,2.31,PH,1635735261
549,Reconquista,-29.15,-59.65,27.51,44,95,4.27,AR,1635735012
550,Okha,53.5739,142.9478,0.36,55,20,4.89,RU,1635735262
551,Linxia Chengguanzhen,35.6003,103.2064,5.35,80,93,1.05,CN,1635735262
552,Gölköy,40.6875,37.6178,10.53,79,81,3.6,TR,1635735262
553,Lublin Voivodeship,51.0,23.0,2.35,87,0,4.38,PL,1635735263
554,Tual,-5.6667,132.75,28.72,72,86,3.0,ID,1635735263
555,Danville,36.586,-79.395,12.36,77,0,1.79,US,1635735263
556,Nakhon Thai,17.1006,100.8374,27.55,80,100,1.56,TH,1635735264
557,Sur,22.5667,59.5289,27.98,55,0,4.34,OM,1635735264
558,Wajima,37.4,136.9,17.38,94,75,1.54,JP,1635735264
559,Baruun-Urt,46.6806,113.2792,1.92,32,11,6.63,MN,1635735264
560,Norton,-17.8833,30.7,19.6,54,15,3.2,ZW,1635735265
561,San Policarpo,12.1791,125.5072,28.27,77,58,6.75,PH,1635735265
562,Benguela,-12.5763,13.4055,22.61,80,82,1.32,AO,1635735266
563,Buguruslan,53.6554,52.442,4.46,87,22,3.93,RU,1635735266
